ID,Domain,Strength,Betweenness Score,Fical Score
135,4,6,0.00519203,2.61795
681,4,6.4,0.0974683,2.42065
63,4,8.6,0.297957,2.41794
335,4,4.1,0.176663,2.38766
45,4,6.2,0,2.35517
